{"datalist":[
        {
      "title": "Basics: How Your Camera Works",
      "description": "",
      "img": "",
      "imgUrl": "",
      "val1":"",
      "val2":"",
      "val3":"",
      "colCnt":-1,
      "subitemList": [
        {
          "title": "",
          "description": "Understanding Digital Camera Sensors",
          "img": "",
          "imgUrl": "",
          "val1":"",
          "val2":"",
          "val3":"",
          "colCnt":-1,
          "subitemList": null
        },
        {
        "title": "",
        "description": "Understanding Camera Exposure: Aperture, ISO & Shutter Speed  ",
        "img": "",
        "imgUrl": "",
        "val1":"",
        "val2":"",
        "val3":"",
        "colCnt":-1,
        "subitemList": null
        },
        {
        "title": "",
        "description": "Understanding Camera Metering",
        "img": "",
        "imgUrl": "",
        "val1":"",
        "val2":"",
        "val3":"",
        "colCnt":-1,
        "subitemList": null
        },
        {
        "title": "",
        "description": "Understanding Depth of Field",
        "img": "",
        "imgUrl": "",
        "val1":"",
        "val2":"",
        "val3":"",
        "colCnt":-1,
        "subitemList": null
        },
        {
        "title": "",
        "description": "Understanding Camera Lenses: Focal Length & Aperture",
        "img": "",
        "imgUrl": "",
        "val1":"",
        "val2":"",
        "val3":"",
        "colCnt":-1,
        "subitemList": null
        },
        {
        "title": "",
        "description": "Understanding White Balance",
        "img": "",
        "imgUrl": "",
        "val1":"",
        "val2":"",
        "val3":"",
        "colCnt":-1,
        "subitemList": null
        },
        {
        "title": "",
        "description": "Understanding Camera Autofocus",
        "img": "",
        "imgUrl": "",
        "val1":"",
        "val2":"",
        "val3":"",
        "colCnt":-1,
        "subitemList": null
        }
      ]
    },
        {
          "title": "Advanced Concepts",
          "description": "",
          "img": "",
          "imgUrl": "",
          "val1":"",
          "val2":"",
          "val3":"",
          "colCnt":-1,
          "subitemList": [
            {
              "title": "",
              "description": "Digital Camera Sensor Sizes: How Do These Influence Photography?",
              "img": "",
              "imgUrl": "",
              "val1":"",
              "val2":"",
              "val3":"",
              "colCnt":-1,
              "subitemList": null
            },
            {
              "title": "",
              "description": "Understanding Diffraction: Pixel Size, Aperture and Airy Disks ",
              "img": "",
              "imgUrl": "",
              "val1":"",
              "val2":"",
              "val3":"",
              "colCnt":-1,
              "subitemList": null
            },
            {
              "title": "",
              "description": "Digital Cameras vs. The Human Eye (NEW)",
              "img": "",
              "imgUrl": "",
              "val1":"",
              "val2":"",
              "val3":"",
              "colCnt":-1,
              "subitemList": null
            }

          ]
        },
        {
    "title": "THE EXPOSURE TRIANGLE",
    "description": "",
    "img": "",
    "imgUrl": "",
    "val1": "",
    "val2": "",
    "val3": "",
    "colCnt": -1,
    "subitemList": [
      {
        "title": "APERTURE",
        "description": "Aperture is a measure of how open or closed the lens’ iris is. A wider aperture (or lower f-number) means more light will be let in by the lens, simply because the opening is larger. A narrower aperture (or higher f-number) allows less light to reach the sensor.\n You might wonder why we would ever want less light to reach the sensor. The answer the majority of the time is that we want a larger depth of field. Depth of field is a byproduct of aperture. Narrower apertures (higher f-numbers) give a greater depth of field, allowing more of a scene to be in focus (think landscapes). Wider apertures (lower f-numbers) create a narrow depth of field, which can help isolate a subject and is one of the greatest compositional tools at your disposal (think portraiture). \n You should also note that most lenses are their sharpest around f/5.6 or f/8. However, many photographers are willing to trade some sharpness for the subject-isolating effects of a wider aperture.",
        "img": "",
        "imgUrl": "",
        "val1": "",
        "val2": "",
        "val3": "",
        "colCnt": -1,
        "subitemList": [
          {
            "title": "",
            "description": "",
            "img": "",
            "imgUrl": "",
            "val1": "",
            "val2": "",
            "val3": "",
            "colCnt": 3,
            "subitemList": [
              {
                "title": "",
                "description": "",
                "img": "",
                "imgUrl": "",
                "val1": "Aperture Setting",
                "val2": "Relative Light",
                "val3": "Example Shutter Speed",
                "colCnt": 0,
                "subitemList": [

                ]
              },
              {
                "title": "",
                "description": "",
                "img": "",
                "imgUrl": "",
                "val1": "f/22",
                "val2": "1X",
                "val3": "16 seconds",
                "colCnt": 0,
                "subitemList": [

                ]
              },
              {
                "title": "",
                "description": "",
                "img": "",
                "imgUrl": "",
                "val1": "f/16",
                "val2": "2X",
                "val3": "8 seconds",
                "colCnt": 0,
                "subitemList": [

                ]
              },
              {
                "title": "",
                "description": "",
                "img": "",
                "imgUrl": "",
                "val1": "f/11",
                "val2": "4X",
                "val3": "4 seconds",
                "colCnt": 0,
                "subitemList": [

                ]
              },
              {
                "title": "",
                "description": "",
                "img": "",
                "imgUrl": "",
                "val1": "f/8.0",
                "val2": "8X",
                "val3": "8 seconds",
                "colCnt": 0,
                "subitemList": [

                ]
              },
              {
                "title": "",
                "description": "",
                "img": "",
                "imgUrl": "",
                "val1": "f/5.6",
                "val2": "16X",
                "val3": "1 second",
                "colCnt": 0,
                "subitemList": [

                ]
              },
              {
                "title": "",
                "description": "",
                "img": "",
                "imgUrl": "",
                "val1": "f/4.0",
                "val2": "32X",
                "val3": "1/2 second",
                "colCnt": 0,
                "subitemList": [

                ]
              },
              {
                "title": "",
                "description": "",
                "img": "",
                "imgUrl": "",
                "val1": "f/2.8",
                "val2": "64X",
                "val3": "1/4 seconds",
                "colCnt": 0,
                "subitemList": [

                ]
              },
              {
                "title": "",
                "description": "",
                "img": "",
                "imgUrl": "",
                "val1": "f/2.0",
                "val2": "128X",
                "val3": "1/8 second",
                "colCnt": 0,
                "subitemList": [

                ]
              },
              {
                "title": "",
                "description": "",
                "img": "",
                "imgUrl": "",
                "val1": "f/1.4",
                "val2": "256X",
                "val3": "1/15 seconds",
                "colCnt": 0,
                "subitemList": [

                ]
              }


            ]
          },
          {
            "title": "Depth of Field & Resolution",
            "description": "",
            "img": "",
            "imgUrl": "",
            "val1": "",
            "val2": "",
            "val3": "",
            "colCnt": -1,
            "subitemList": [
              {
                "title": "Depth of Field Calculator",
                "description": "",
                "img": "",
                "imgUrl": "",
                "val1": "",
                "val2": "",
                "val3": "",
                "colCnt": 3,
                "subitemList": null
              },
              {
                "title": "Tilt/Shift Lens Depth of Field Calculator",
                "description": "",
                "img": "",
                "imgUrl": "",
                "val1": "",
                "val2": "",
                "val3": "",
                "colCnt": -1,
                "subitemList": null
              },
              {
                "title": "Hyperfocal Distance Calculator",
                "description": "",
                "img": "",
                "imgUrl": "",
                "val1": "",
                "val2": "",
                "val3": "",
                "colCnt": -1,
                "subitemList": null
              },
              {
                "title": "Diffraction Limit Calculator",
                "description": "",
                "img": "",
                "imgUrl": "",
                "val1": "",
                "val2": "",
                "val3": "",
                "colCnt": -1,
                "subitemList": null
              },
              {
                "title": "Photo Enlargement Calculator: Resolution & Sharpening Radius",
                "description": "",
                "img": "",
                "imgUrl": "",
                "val1": "",
                "val2": "",
                "val3": "",
                "colCnt": -1,
                "subitemList": null
              }
            ]
          }
        ]
      },
      {
        "title": "Shutter Speed",
        "description": "Shutter speed is a measure of how long the shutter remains open and thus, how long the sensor is exposed to light. Faster shutter speeds give the sensor less time to collect light and thus, result in a lower exposure. Slower shutter speeds allow more time for the sensor to collect light and result in a higher exposure.In this case, the reason we might want to use a higher shutter speed is to stop motion, whether that be camera shake or a subject that is moving, allowing us to maintain sharpness. Remember, as long as the shutter is open, the camera is essentially recording the position of elements in the frame; if one of those elements moves, the result will often be undesired blurriness.Many photographers will argue that this is the most important aspect, saying if your shutter speed isn’t fast enough to give you a sharp image, nothing else will save the image. In general, I agree.",
        "img": "",
        "imgUrl": "",
        "val1": "",
        "val2": "",
        "val3": "",
        "colCnt": -1,
        "subitemList": [
          {
            "title": "",
            "description": "",
            "img": "",
            "imgUrl": "",
            "val1": "",
            "val2": "",
            "val3": "",
            "colCnt": 2,
            "subitemList": [
              {
                "title": "",
                "description": "",
                "img": "",
                "imgUrl": "",
                "val1": "Shutter Speed",
                "val2": "Typical Examples",
                "val3": "",
                "colCnt": 0,
                "subitemList": [

                ]
              },
              {
                "title": "",
                "description": "",
                "img": "",
                "imgUrl": "",
                "val1": "1 - 30+ seconds",
                "val2": "Specialty night and low-light photos on a tripod",
                "val3": "",
                "colCnt": 0,
                "subitemList": [

                ]
              },
              {
                "title": "",
                "description": "",
                "img": "",
                "imgUrl": "",
                "val1": "2 - 1/2 second",
                "val2": "Typical Examples",
                "val3": "",
                "colCnt": 0,
                "subitemList": [

                ]
              },
              {
                "title": "",
                "description": "",
                "img": "",
                "imgUrl": "",
                "val1": "1/2 to 1/30 second",
                "val2": "To add motion blur to the background of a moving subject Carefully taken hand-held photos with stabilization",
                "val3": "",
                "colCnt": 0,
                "subitemList": [

                ]
              },
              {
                "title": "",
                "description": "",
                "img": "",
                "imgUrl": "",
                "val1": "1/50 - 1/100 second",
                "val2": "Typical hand-held photos without substantial zoom",
                "val3": "",
                "colCnt": 0,
                "subitemList": [

                ]
              },
              {
                "title": "",
                "description": "",
                "img": "",
                "imgUrl": "",
                "val1": "1/250 - 1/500 second",
                "val2": "To freeze everyday sports/action subject movement.Hand-held photos with substantial zoom (telephoto lens)",
                "val3": "",
                "colCnt": 0,
                "subitemList": [

                ]
              },
              {
                "title": "",
                "description": "",
                "img": "",
                "imgUrl": "",
                "val1": "1/1000 - 1/4000 second",
                "val2": "To freeze extremely fast, up-close subject motion",
                "val3": "",
                "colCnt": 0,
                "subitemList": [

                ]
              }


            ]
          }
        ]
      },
      {
        "title": "ISO",
        "description": "Back when film ruled the land, there wasn’t the kind of flexibility in this third side that we have now. You might say the exposure triangle was a two-sided polygon (the geometry of that is another discussion, but I promised this wasn’t a geometry lesson). One could control the sensitivity to light of the film they used, but once the roll was in the camera, there was no changing it (unless you had a swappable back, but these were generally restricted to the medium format world). Nowadays, we can control the sensitivity of the digital sensor on the fly, though technically, we’re not controlling the sensitivity; this actually controls a post-image gain applied to the signal, but for all intents and purposes, you can think of this as sensitivity. Increasing the ISO essentially allows you to work with less light. As always, though, there’s a tradeoff: increased ISOs result in increased noise and less detail. Noise is the result of random fluctuations in an electrical signal. At lower ISOs, the magnitude of the image signal is large relative to the noise (signal to noise ratio), meaning the noise generally remains unobtrusive. When working at higher ISOs, the image signal is generally close in magnitude to that of the noise and thus, noise enters the image. Think of the image signal and noise as a pit of balls. If my image signal is 1,000 balls, I won’t notice if noise adds 4 or 5 balls to the bunch. If my image signal is small though, say 10 balls, it will be very noticeable if noise adds 5 balls to the bunch. When I amplify that signal through the use of a high ISO, the relatively high level of noise will be amplified considerably too. When high ISO makes the 10 balls into 1,000 balls again, the noise suddenly becomes 500 balls.",
        "img": "",
        "imgUrl": "",
        "val1": "",
        "val2": "",
        "val3": "",
        "colCnt": 1,
        "subitemList": [
          {
            "title": "Altogether: EVs and Stops",
            "description": "We call a specific combination of aperture, shutter speed, and ISO an exposure value (EV) and often refer to a change that either doubles of halves the amount of light reaching the sensor (or doubles of halves the sensitivity) as a stop. This is where the math can get a bit annoying. Shutter speeds and ISO respond numerically how you would expect: a change from ISO 200 to 400 is an increase of one stop; a change from a shutter speed of 1/30s to 1/120s (most cameras will make this 1/125s) is a decrease of two stops. However, f-stops, which correspond to aperture, are arranged in a geometric series that roughly approximates powers of the square root of two (I promise the reasons for this make sense, but it certainly doesn’t lend itself to an intuitive grasp). In other words, in the following sequence, each new f-stop represents a decrease of one stop: f/1.4, f/2, f/2.8, f/4, f/5.6, f/8, f/11, f/16, f/22. So, how do you intuitively work with “doubling” or “halving” an f-stop? You don’t. Just memorize the sequence. It’ll become second nature very quickly and you’ll have no problem jumping between stops and understanding exactly how many stops you’ve added or subtracted to your exposure. For example, moving from f/2.8 to f/8 represents a decrease of 3 stops, so we're now using 1/2 * 1/2 * 1/2 = 1/8 as much light.",
            "img": "",
            "imgUrl": "",
            "val1": "",
            "val2": "",
            "val3": "",
            "colCnt": 2,
            "subitemList": [



            ]
          },
          {
            "title": "Image Stabilization",
            "description": "No, the exposure triangle hasn’t suddenly become the exposure square. This is just a note about image stabilization: remember that it can help you get away with slower shutter speeds that allow you to use narrower apertures for more depth of field or lower ISOs for more detail. However, don’t make the mistake of confusing camera shake with subject motion. Image stabilization only helps with the first of these. It is ideal for static subjects. I very often see photographers with blurry photos because their shutter speed was too slow for their subject, but they thought image stabilization would save them.",
            "img": "",
            "imgUrl": "",
            "val1": "",
            "val2": "",
            "val3": "",
            "colCnt": 2,
            "subitemList": [



            ]
          }
        ]
      }
    ]
  },
        {
    "title": "Modes of dslr",
    "description": "",
    "img": "",
    "imgUrl": "",
    "val1": "",
    "val2": "",
    "val3": "",
    "colCnt": -1,
    "subitemList": [
      {
        "title": "AUTO  FOCUS",
        "description": "",
        "img": "",
        "imgUrl": "",
        "val1": "",
        "val2": "",
        "val3": "",
        "colCnt": 1,
        "subitemList": [
          {
            "title": "",
            "description": "Automatic Exposure is when the camera chooses the optimum shutter speed, aperture, ISO and flash settings for your shot",
            "img": "",
            "imgUrl": "",
            "val1": "",
            "val2": "",
            "val3": "",
            "colCnt": 3,
            "subitemList": [
            ]
          },
          {
            "title": "",
            "description": "All you need to do is point and shoot",
            "img": "",
            "imgUrl": "",
            "val1": "",
            "val2": "",
            "val3": "",
            "colCnt": 3,
            "subitemList": [
            ]
          },
          {
            "title": "",
            "description": "This can be good if you have no idea of what settings to choose and also when you need to shoot quickly",
            "img": "",
            "imgUrl": "",
            "val1": "",
            "val2": "",
            "val3": "",
            "colCnt": 3,
            "subitemList": [
            ]
          },
          {
            "title": "",
            "description": "The shot here is correctly exposed as the day is well lit, though auto-exposure may struggle in situations where the light is uneven, and it tends to trigger the flash even when it’s not necessary",
            "img": "",
            "imgUrl": "",
            "val1": "",
            "val2": "",
            "val3": "",
            "colCnt": 3,
            "subitemList": [
            ]
          }

        ]
      },
      {
        "title": "POTRAIT MODE ",
        "description": "",
        "img": "",
        "imgUrl": "",
        "val1": "",
        "val2": "",
        "val3": "",
        "colCnt": 1,
        "subitemList": [
          {
            "title": "",
            "description": "Portrait mode will “think” that there is a subject in the foreground of the frame and choose a shallow depth of field to keep the human subject in focus but the background blurred",
            "img": "",
            "imgUrl": "",
            "val1": "",
            "val2": "",
            "val3": "",
            "colCnt": 3,
            "subitemList": [
            ]
          },
          {
            "title": "",
            "description": "If the camera reads the scene as dark, it will add fill-in flash.",
            "img": "",
            "imgUrl": "",
            "val1": "",
            "val2": "",
            "val3": "",
            "colCnt": 3,
            "subitemList": [
            ]
          },
          {
            "title": "",
            "description": "3.	Fill-in flash is useful in sunny conditions too, when the sun casts a harsh shadow.",
            "img": "",
            "imgUrl": "",
            "val1": "",
            "val2": "",
            "val3": "",
            "colCnt": 3,
            "subitemList": [
            ]
          },
          {
            "title": "",
            "description": "Portrait mode generally works best in well-lit conditions",
            "img": "",
            "imgUrl": "",
            "val1": "",
            "val2": "",
            "val3": "",
            "colCnt": 3,
            "subitemList": [
            ]
          }

        ]
      },
      {
        "title": "MACRO MODE",
        "description": "",
        "img": "",
        "imgUrl": "",
        "val1": "",
        "val2": "",
        "val3": "",
        "colCnt": 1,
        "subitemList": [
          {
            "title": "",
            "description": "",
            "img": "",
            "imgUrl": "",
            "val1": "",
            "val2": "",
            "val3": "",
            "colCnt": 1,
            "subitemList": [
              {
                "title": "",
                "description": "",
                "img": "",
                "imgUrl": "",
                "val1": "Macro mode is very useful for taking photographs of subjects smaller than your hand",
                "val2": "",
                "val3": "",
                "colCnt": 1,
                "subitemList": [
                ]
              },
              {
                "title": "",
                "description": "",
                "img": "",
                "imgUrl": "",
                "val1": "2.	Remember that macro mode will not give you super close up images; for this, you will need a macro lens. Macro mode will work best in bright conditions and will choose a shallow depth of field to focus on the subject. Therefore, if light is low, use a tripod.",
                "val2": "",
                "val3": "",
                "colCnt": 1,
                "subitemList": [
                ]
              },
              {
                "title": "",
                "description": "",
                "img": "",
                "imgUrl": "",
                "val1": "Your focusing also has to be more precise when taking a macro image. This is because when you use a shallow depth of field, you give yourself a smaller margin for error",
                "val2": "",
                "val3": "",
                "colCnt": 1,
                "subitemList": [
                ]
              }
            ]
          },

          {
            "title": "",
            "description": "Macro & Close-Up",
            "img": "",
            "imgUrl": "",
            "val1": "",
            "val2": "",
            "val3": "",
            "colCnt": 1,
            "subitemList": [
              {
                "title": "",
                "description": "",
                "img": "",
                "imgUrl": "",
                "val1": "Subject Size & Magnification",
                "val2": "",
                "val3": "",
                "colCnt": 1,
                "subitemList": [
                ]
              },
              {
                "title": "",
                "description": "",
                "img": "",
                "imgUrl": "",
                "val1": "Effect of Extension Tubes",
                "val2": "",
                "val3": "",
                "colCnt":1 ,
                "subitemList": [
                ]
              },
              {
                "title": "",
                "description": "",
                "img": "",
                "imgUrl": "",
                "val1": "Effect of Close-Up Filters",
                "val2": "",
                "val3": "",
                "colCnt":1 ,
                "subitemList": [
                ]
              }
            ]
          }

        ]
      },
      {
        "title": "LANDSCAPE MODE",
        "description": "",
        "img": "",
        "imgUrl": "",
        "val1": "",
        "val2": "",
        "val3": "",
        "colCnt": 1,
        "subitemList": [
          {
            "title": "",
            "description": "1.	Landscape mode usually uses a small aperture (high f/number) to create a well-focused image from the foreground into the distance (on older cameras, the setting was ‘infinity’ represented by a sideways figure 8).",
            "img": "",
            "imgUrl": "",
            "val1": "",
            "val2": "",
            "val3": "",
            "colCnt": 1,
            "subitemList": [
            ]
          },

          {
            "title": "",
            "description": "2.	Landscape mode tends to suit a wide lens and works well if the scene is well lit. It will use flash if it reads the foreground as too dark, but you can manually turn this off",
            "img": "",
            "imgUrl": "",
            "val1": "",
            "val2": "",
            "val3": "",
            "colCnt": 1,
            "subitemList": [
            ]
          }


        ]
      },
      {
        "title": "SPORTS MODE",
        "description": "",
        "img": "",
        "imgUrl": "",
        "val1": "",
        "val2": "",
        "val3": "",
        "colCnt": 1,
        "subitemList": [
          {
            "title": "",
            "description": "Because sports are fast-paced activities, sports mode will give you a high shutter speed of at least 1/500 – 1/1000 of a second.",
            "img": "",
            "imgUrl": "",
            "val1": "",
            "val2": "",
            "val3": "",
            "colCnt": 1,
            "subitemList": [
            ]
          },

          {
            "title": "",
            "description": "With a high shutter speed to freeze movement, means that the flash is usually not necessary – though once again this works best on a bright day",
            "img": "",
            "imgUrl": "",
            "val1": "",
            "val2": "",
            "val3": "",
            "colCnt": 1,
            "subitemList": [
            ]
          },
          {
            "title": "",
            "description": "3.	Sports mode can work well alongside continuous shooting mode, where images are taken consecutively resulting in many shots that capture the action",
            "img": "",
            "imgUrl": "",
            "val1": "",
            "val2": "",
            "val3": "",
            "colCnt": 1,
            "subitemList": [
            ]
          }


        ]
      },
      {
        "title": "NIGHT POTRAIT MODE",
        "description": "",
        "img": "",
        "imgUrl": "",
        "val1": "",
        "val2": "",
        "val3": "",
        "colCnt": 1,
        "subitemList": [
          {
            "title": "",
            "description": "1.	In the night portrait mode, the camera will try to balance the darkness of the background with the need to light the subject in the foreground",
            "img": "",
            "imgUrl": "",
            "val1": "",
            "val2": "",
            "val3": "",
            "colCnt": 1,
            "subitemList": [
            ]
          },
          {
            "title": "",
            "description": "2.	The aperture will have to be fairly wide to allow enough light in to capture the background and keep the subject in focus, but at the same time flash is necessary to illuminate the person and avoid blur",
            "img": "",
            "imgUrl": "",
            "val1": "",
            "val2": "",
            "val3": "",
            "colCnt": 1,
            "subitemList": [
            ]
          },
          {
            "title": "",
            "description": "Sometimes the night portrait mode will double flash, creating an unusual double exposure look",
            "img": "",
            "imgUrl": "",
            "val1": "",
            "val2": "",
            "val3": "",
            "colCnt": 1,
            "subitemList": [
            ]
          }


        ]
      },
      {
        "title": "Advanced Camera Modes",
        "description": "",
        "img": "",
        "imgUrl": "",
        "val1": "",
        "val2": "",
        "val3": "",
        "colCnt": 1,
        "subitemList": [
          {
            "title": "",
            "description": "",
            "img": "",
            "imgUrl": "",
            "val1": "",
            "val2": "",
            "val3": "",
            "colCnt": 1,
            "subitemList": [
              {
                "title": "",
                "description": "",
                "img": "",
                "imgUrl": "",
                "val1": "On most DSLR cameras, there will also be the letter modes – M (Manual), AV (Aperture-Priority), TV or S (Shutter-Priority) and P (Programmed Auto).",
                "val2": "",
                "val3": "",
                "colCnt": 1,
                "subitemList": [
                ]
              },
              {
                "title": "",
                "description": "",
                "img": "",
                "imgUrl": "",
                "val1": "Manual mode required the photographer to set every single setting",
                "val2": "",
                "val3": "",
                "colCnt": 1,
                "subitemList": [
                ]
              },
              {
                "title": "",
                "description": "",
                "img": "",
                "imgUrl": "",
                "val1": "Aperture-Priority allows the photographer to set the aperture value and the camera automatically sets the correct shutter speed",
                "val2": "",
                "val3": "",
                "colCnt": 1,
                "subitemList": [
                ]
              },
              {
                "title": "",
                "description": "",
                "img": "",
                "imgUrl": "",
                "val1": "TV lets the photographer choose the shutter speed first (for example when shooting sports), and the camera automatically sets the correct aperture",
                "val2": "",
                "val3": "",
                "colCnt": 1,
                "subitemList": [
                ]
              },
              {
                "title": "",
                "description": "",
                "img": "",
                "imgUrl": "",
                "val1": "15.	P-Program mode is similar to Auto mode in that the shutter and aperture settings are determined by the camera, but the photographer can adjust other settings manually",
                "val2": "",
                "val3": "",
                "colCnt": 1,
                "subitemList": [
                ]
              }
            ]
          },

          {
            "title": "",
            "description": "",
            "img": "",
            "imgUrl": "",
            "val1": "",
            "val2": "",
            "val3": "",
            "colCnt": 2,
            "subitemList": [
              {
                "title": "",
                "description": "",
                "img": "",
                "imgUrl": "",
                "val1": "Exposure Mode",
                "val2": "How It Works",
                "val3": "",
                "colCnt": 1,
                "subitemList": [
                ]
              },
              {
                "title": "",
                "description": "",
                "img": "",
                "imgUrl": "",
                "val1": "Auto ( )",
                "val2": "Camera automatically selects all exposure settings.",
                "val3": "",
                "colCnt":1 ,
                "subitemList": [
                ]
              },
              {
                "title": "",
                "description": "",
                "img": "",
                "imgUrl": "",
                "val1": "Program (P)",
                "val2": "21.	Camera automatically selects aperture & shutter speed; you can choose a corresponding ISO speed & exposure compensation. With some cameras, P can also act as a hybrid of the Av & Tv modes",
                "val3": "",
                "colCnt":1 ,
                "subitemList": [
                ]
              },
              {
                "title": "",
                "description": "",
                "img": "",
                "imgUrl": "",
                "val1": "Aperture Priority (Av or A)",
                "val2": "1.	You specify the aperture & ISO; the camera's metering determines the corresponding shutter speed.",
                "val3": "",
                "colCnt":1 ,
                "subitemList": [
                ]
              },
              {
                "title": "",
                "description": "",
                "img": "",
                "imgUrl": "",
                "val1": "Shutter Priority (Tv or S)",
                "val2": "You specify the shutter speed & ISO; the camera's metering determines the corresponding aperture.",
                "val3": "",
                "colCnt":1 ,
                "subitemList": [
                ]
              },
              {
                "title": "",
                "description": "",
                "img": "",
                "imgUrl": "",
                "val1": "Manual (M)",
                "val2": "You specify the aperture, ISO and shutter speed — regardless of whether these values lead to a correct exposure.",
                "val3": "",
                "colCnt":1 ,
                "subitemList": [
                ]
              }
            ]
          }

        ]
      }

    ]
  },
        {
    "title": "Camera Lenses",
    "description": "",
    "img": "",
    "imgUrl": "",
    "val1":"",
    "val2":"",
    "val3":"",
    "colCnt":-1,
    "subitemList": [
      {
        "title": "",
        "description": "Understanding Camera Lenses: Focal Length & Aperture",
        "img": "",
        "imgUrl": "",
        "val1":"",
        "val2":"",
        "val3":"",
        "colCnt":-1,
        "subitemList": null
      },
      {
        "title": "",
        "description": "Using Wide Angle Lenses",
        "img": "",
        "imgUrl": "",
        "val1":"",
        "val2":"",
        "val3":"",
        "colCnt":-1,
        "subitemList": null
      },
      {
        "title": "",
        "description": "Using Telephoto Lenses",
        "img": "",
        "imgUrl": "",
        "val1":"",
        "val2":"",
        "val3":"",
        "colCnt":-1,
        "subitemList": null
      },
      {
        "title": "",
        "description": "Tilt/Shift Lenses: Using Shift Movements to Control Perspective",
        "img": "",
        "imgUrl": "",
        "val1":"",
        "val2":"",
        "val3":"",
        "colCnt":-1,
        "subitemList": null
      },
      {
        "title": "",
        "description": "Macro Lenses: Magnification, Depth of Field & Effective F-Stop",
        "img": "",
        "imgUrl": "",
        "val1":"",
        "val2":"",
        "val3":"",
        "colCnt":-1,
        "subitemList": null
      },
      {
        "title": "",
        "description": "Macro Extension Tubes & Close-up Lenses",
        "img": "",
        "imgUrl": "",
        "val1":"",
        "val2":"",
        "val3":"",
        "colCnt":-1,
        "subitemList": null
      },
      {
        "title": "",
        "description": "Type of Lenses",
        "img": "",
        "imgUrl": "",
        "val1":"",
        "val2":"",
        "val3":"",
        "colCnt":-1,
        "subitemList": [
          {
            "title": "Standard/Normal Lens",
            "description": "The standard lens has a fixed focal length (50mm, 85mm, 100mm), and reproduces fairly accurately what the human eye sees – in terms of perspective and angle of view. For a 35mm film camera or a full-frame DSLR, the 50mm lens is considered standard. At higher focal lengths (85mm or 100mm) you have an ideal lens for portraiture because when coupled with a wide aperture they thoroughly soften any background detail, thus making it less likely to distract from the main subject.",
            "img": "",
            "imgUrl": "",
            "val1":"",
            "val2":"",
            "val3":"",
            "colCnt":-1,
            "subitemList": null
          },
          {
            "title": "Wide Angle Lens",
            "description": "A wide-angle has a shorter focal length (10 thru 42mm) when compared to a standard lens.This enables you to capture a comparatively wider angle of view. A wide-angle lens is a natural choice for capturing outdoor landscapes and group portraits.In fact, wide angle can be the only way to capture the complete setting without omitting any important elements in the image.In this manner, you can use wide-angle lenses to capture a deep DOF.",
            "img": "",
            "imgUrl": "",
            "val1":"",
            "val2":"",
            "val3":"",
            "colCnt":-1,
            "subitemList": null
          },
          {
            "title": "Telephoto Lens",
            "description": "Telephoto lenses (100mm – 800mm) can provide you with a narrow field of view.These long lenses enable you to compress a distance (and compress the sense of depth, as well) and pick out specific objects from far off.They have a strong resolving power and an inherent shallow DOF, where the slightest lateral moment can take a subject out of view.Telephoto lenses are great for wildlife, portrait, sports, and documentary types of photography.They enable you to capture subjects from hundreds of feet away",
            "img": "",
            "imgUrl": "",
            "val1":"",
            "val2":"",
            "val3":"",
            "colCnt":-1,
            "subitemList": null
          },
          {
            "title": "Zoom Lens",
            "description": "Zoom lenses have variable focal lengths, and are extremely useful.Some can range between a wide-angle and a telephoto (i.e. 24 to 300mm) so you have extensive versatility for composition.The trade-off with zoom lenses is the aperture. Because of the number of elements required in constructing these lenses, they have a limited ability to open up and allow in light.So unless you’re prepared to outlay a lot of money, you will give up lens speed.",
            "img": "",
            "imgUrl": "",
            "val1":"",
            "val2":"",
            "val3":"",
            "colCnt":-1,
            "subitemList": null
          },
          {
            "title": "Fisheye Lens",
            "description": "A fisheye lens is a specialized, wide-angle lens that provides extremely wide images by changing straight lines into curves.It can sometimes produce circular, convex, or oval images by distorting the perspective and creating a 180° image.The range of focal length varies between 7~16mm in a fish-eye lens",
            "img": "",
            "imgUrl": "",
            "val1":"",
            "val2":"",
            "val3":"",
            "colCnt":-1,
            "subitemList": null
          },
          {
            "title": "Macro Lens",
            "description": "Macro lenses are used for close-up or “macro” photography.They range in focal lengths of between 50-200mm. These lenses obtain razor-sharp focus for subjects within the macro focus distance, but lose their ability for sharp focus at other distances.These lenses enable the photographer to obtain life-size or larger images of subjects like wasps, butterflies, and flowers",
            "img": "",
            "imgUrl": "",
            "val1":"",
            "val2":"",
            "val3":"",
            "colCnt":-1,
            "subitemList": null
          },
          {
            "title": "Tilt-Shift Lens",
            "description": "The Tilt-Shift lens enables you to manipulate the vanishing points, so when you’re shooting buildings you can alter the perspective of an image so the parallel lines don’t converge, thus eliminating the distorting quality of the lens.The tilt-shift lens also enables you to selectively focus an image; where only specific portions of the image are in focus and out of focus within the same plane",
            "img": "",
            "imgUrl": "",
            "val1":"",
            "val2":"",
            "val3":"",
            "colCnt":-1,
            "subitemList": null
          },
          {
            "title": "Image-Stabilization Lens",
            "description": "These lenses contain small gyro stabilizer sensors and servo-actuated lens elements, which purportedly correct for camera shake that occurs with longer focal length lens or in low-light conditions when you need to have slower shutter speeds to achieve an effective EV.It is claimed that these lenses enable the user to shoot handheld at 2 to 4 stop slower shutter speeds (exposure 4 to 16 times longer) than the minimum required for a sharp image",
            "img": "",
            "imgUrl": "",
            "val1":"",
            "val2":"",
            "val3":"",
            "colCnt":1,
            "subitemList": [
              {
              "title": "Lens Characteristics",
              "description": "",
              "img": "",
              "imgUrl": "",
              "val1":"",
              "val2":"",
              "val3":"",
              "colCnt":1,
              "subitemList": [
                {
                  "title": "",
                  "description": "",
                  "img": "",
                  "imgUrl": "",
                  "val1":"Lens Characteristics",
                  "val2":"",
                  "val3":"",
                  "colCnt":1,
                  "subitemList": [

                  ]
                },
                {
                  "title": "",
                  "description": "",
                  "img": "",
                  "imgUrl": "",
                  "val1":"Camera Lens Flare: What It Is and How to Reduce It",
                  "val2":"",
                  "val3":"",
                  "colCnt":1,
                  "subitemList": [

                  ]
                },
                {
                  "title": "",
                  "description": "",
                  "img": "",
                  "imgUrl": "",
                  "val1":"Camera Lens Quality: MTF, Resolution and Contras",
                  "val2":"",
                  "val3":"",
                  "colCnt":1,
                  "subitemList": [

                  ]
                }
              ]
            },
              {
                "title": "Camera Lens Filters",
                "description": "",
                "img": "",
                "imgUrl": "",
                "val1":"",
                "val2":"",
                "val3":"",
                "colCnt":1,
                "subitemList": [
                  {
                    "title": "",
                    "description": "",
                    "img": "",
                    "imgUrl": "",
                    "val1":"Choosing a Camera Lens Filter: Polarizers, UV, ND & GND",
                    "val2":"",
                    "val3":"",
                    "colCnt":1,
                    "subitemList": [

                    ]
                  },
                  {
                    "title": "",
                    "description": "",
                    "img": "",
                    "imgUrl": "",
                    "val1":"Understanding & Using Polarizing Filters",
                    "val2":"",
                    "val3":"",
                    "colCnt":1,
                    "subitemList": [

                    ]
                  },
                  {
                    "title": "",
                    "description": "",
                    "img": "",
                    "imgUrl": "",
                    "val1":"Using Graduated Neutral Density (GND) Filters",
                    "val2":"",
                    "val3":"",
                    "colCnt":1,
                    "subitemList": [

                    ]
                  },
                  {
                    "title": "",
                    "description": "",
                    "img": "",
                    "imgUrl": "",
                    "val1":"Using Neutral Density (ND) Filters",
                    "val2":"",
                    "val3":"",
                    "colCnt":1,
                    "subitemList": [

                    ]
                  }
                ]
              }
            ]
          }

        ]
      }
    ]
  },
        {
    "title": "CAMERA EQUIPMENT & ACCESSORIES",
    "description": "Learn to make the most of your camera equipment and accessories. Topics include camera lenses, lens filters, general camera care and maintenance. Tutorials are usually independent of camera type or brand",
    "img": "",
    "imgUrl": "",
    "val1":"",
    "val2":"",
    "val3":"",
    "colCnt":-1,
    "subitemList": [
      {
        "title": "Camera Types & Accessories",
        "description": "",
        "img": "",
        "imgUrl": "",
        "val1":"",
        "val2":"",
        "val3":"",
        "colCnt":1,
        "subitemList": [
          {
            "title": "",
            "description": "",
            "img": "",
            "imgUrl": "",
            "val1":"Compact vs. Digital SLR Cameras",
            "val2":"",
            "val3":"",
            "colCnt":-1,
            "subitemList": null
          },
          {
            "title": "",
            "description": "",
            "img": "",
            "imgUrl": "",
            "val1":"Selecting & Using a Camera Tripod",
            "val2":"",
            "val3":"",
            "colCnt":-1,
            "subitemList": null
          },
          {
            "title": "",
            "description": "",
            "img": "",
            "imgUrl": "",
            "val1":"Camera Flash, Part 1: Light Quality & Appearance",
            "val2":"",
            "val3":"",
            "colCnt":-1,
            "subitemList": null
          },
          {
            "title": "",
            "description": "",
            "img": "",
            "imgUrl": "",
            "val1":"Camera Flash, Part 2: Flash Ratios & Exposure",
            "val2":"",
            "val3":"",
            "colCnt":-1,
            "subitemList": null
          }
        ]
      }

    ]
  },
        {
    "title": "Concept related to photos",
    "description": "",
    "img": "",
    "imgUrl": "",
    "val1":"",
    "val2":"",
    "val3":"",
    "colCnt":-1,
    "subitemList": [
      {
        "title": "Qualities of Digital Photos",
        "description": "",
        "img": "",
        "imgUrl": "",
        "val1":"",
        "val2":"",
        "val3":"",
        "colCnt":1,
        "subitemList": [
          {
            "title": "",
            "description": "",
            "img": "",
            "imgUrl": "",
            "val1":"Understanding Bit Depth",
            "val2":"",
            "val3":"",
            "colCnt":-1,
            "subitemList": null
          },
          {
            "title": "",
            "description": "",
            "img": "",
            "imgUrl": "",
            "val1":"Understanding Sharpness",
            "val2":"",
            "val3":"",
            "colCnt":-1,
            "subitemList": null
          },
          {
            "title": "",
            "description": "",
            "img": "",
            "imgUrl": "",
            "val1":"Understanding Image Noise",
            "val2":"",
            "val3":"",
            "colCnt":-1,
            "subitemList": null
          },
          {
            "title": "",
            "description": "",
            "img": "",
            "imgUrl": "",
            "val1":"Understanding Dynamic Range",
            "val2":"",
            "val3":"",
            "colCnt":-1,
            "subitemList": null
          }
        ]
      },
      {
        "title": "Image Files",
        "description": "",
        "img": "",
        "imgUrl": "",
        "val1":"",
        "val2":"",
        "val3":"",
        "colCnt":1,
        "subitemList": [
          {
            "title": "",
            "description": "",
            "img": "",
            "imgUrl": "",
            "val1":"Understanding Bit Depth",
            "val2":"",
            "val3":"",
            "colCnt":-1,
            "subitemList": null
          },
          {
            "title": "",
            "description": "",
            "img": "",
            "imgUrl": "",
            "val1":"Understanding Image Types: JPEG & TIFF",
            "val2":"",
            "val3":"",
            "colCnt":-1,
            "subitemList": null
          },
          {
            "title": "",
            "description": "",
            "img": "",
            "imgUrl": "",
            "val1":"Understanding RAW Files: Why Should I Use RAW?",
            "val2":"",
            "val3":"",
            "colCnt":-1,
            "subitemList": null
          }

        ]
      },
      {
        "title": "Tones & Contrast",
        "description": "",
        "img": "",
        "imgUrl": "",
        "val1":"",
        "val2":"",
        "val3":"",
        "colCnt":1,
        "subitemList": [
          {
            "title": "",
            "description": "",
            "img": "",
            "imgUrl": "",
            "val1":"Understanding Histograms, Part 1: Tones & Contrast",
            "val2":"",
            "val3":"",
            "colCnt":-1,
            "subitemList": null
          },
          {
            "title": "",
            "description": "",
            "img": "",
            "imgUrl": "",
            "val1":"Understanding Histograms, Part 2: Luminosity & Color",
            "val2":"",
            "val3":"",
            "colCnt":-1,
            "subitemList": null
          },
          {
            "title": "",
            "description": "",
            "img": "",
            "imgUrl": "",
            "val1":"Using the Levels Tool in Photoshop",
            "val2":"",
            "val3":"",
            "colCnt":-1,
            "subitemList": null
          },
          {
            "title": "",
            "description": "",
            "img": "",
            "imgUrl": "",
            "val1":"Using the Curves Tool in Photoshop",
            "val2":"",
            "val3":"",
            "colCnt":-1,
            "subitemList": null
          },
          {
            "title": "",
            "description": "",
            "img": "",
            "imgUrl": "",
            "val1":"Understanding Image Posterization",
            "val2":"",
            "val3":"",
            "colCnt":-1,
            "subitemList": null
          }

        ]
      },
      {
        "title": "Sharpening, Noise & Detail",
        "description": "",
        "img": "",
        "imgUrl": "",
        "val1":"",
        "val2":"",
        "val3":"",
        "colCnt":1,
        "subitemList": [
          {
            "title": "",
            "description": "",
            "img": "",
            "imgUrl": "",
            "val1":"Understanding Sharpness",
            "val2":"",
            "val3":"",
            "colCnt":-1,
            "subitemList": null
          },
          {
            "title": "",
            "description": "",
            "img": "",
            "imgUrl": "",
            "val1":"Guide to Image Sharpening",
            "val2":"",
            "val3":"",
            "colCnt":-1,
            "subitemList": null
          },
          {
            "title": "",
            "description": "",
            "img": "",
            "imgUrl": "",
            "val1":"Sharpening Using the \"Unsharp Mask\" Tool",
            "val2":"",
            "val3":"",
            "colCnt":-1,
            "subitemList": null
          },
          {
            "title": "",
            "description": "",
            "img": "",
            "imgUrl": "",
            "val1":"Using Local Contrast Enhancement",
            "val2":"",
            "val3":"",
            "colCnt":-1,
            "subitemList": null
          },
          {
            "title": "",
            "description": "",
            "img": "",
            "imgUrl": "",
            "val1":"Averaging Images to Reduce Noise",
            "val2":"",
            "val3":"",
            "colCnt":-1,
            "subitemList": null
          }
        ]
      },
      {
        "title": "Image Resizing",
        "description": "",
        "img": "",
        "imgUrl": "",
        "val1":"",
        "val2":"",
        "val3":"",
        "colCnt":1,
        "subitemList": [
          {
            "title": "",
            "description": "",
            "img": "",
            "imgUrl": "",
            "val1":"Understanding Digital Image Interpolation",
            "val2":"",
            "val3":"",
            "colCnt":-1,
            "subitemList": null
          },
          {
            "title": "",
            "description": "",
            "img": "",
            "imgUrl": "",
            "val1":"A Closer Look at Resizing an Image for the Web & Email",
            "val2":"",
            "val3":"",
            "colCnt":-1,
            "subitemList": null
          },
          {
            "title": "",
            "description": "",
            "img": "",
            "imgUrl": "",
            "val1":"Optimizing Digital Photo Enlargement",
            "val2":"",
            "val3":"",
            "colCnt":-1,
            "subitemList": null
          }

        ]
      },
      {
        "title": "Photo Stitching & Digital Panoramas",
        "description": "",
        "img": "",
        "imgUrl": "",
        "val1":"",
        "val2":"",
        "val3":"",
        "colCnt":1,
        "subitemList": [
          {
            "title": "",
            "description": "",
            "img": "",
            "imgUrl": "",
            "val1":"Photo Stitching Digital Panoramas, Part 1: Overview & Capture",
            "val2":"",
            "val3":"",
            "colCnt":-1,
            "subitemList": null
          },
          {
            "title": "",
            "description": "",
            "img": "",
            "imgUrl": "",
            "val1":"Photo Stitching Digital Panoramas, Part 2: Using Stitching Software",
            "val2":"",
            "val3":"",
            "colCnt":-1,
            "subitemList": null
          },
          {
            "title": "",
            "description": "",
            "img": "",
            "imgUrl": "",
            "val1":"Photo Stitching Digital Panoramas: Image Projections",
            "val2":"",
            "val3":"",
            "colCnt":-1,
            "subitemList": null
          }

        ]
      },
      {
        "title": "Specialty Techniques",
        "description": "",
        "img": "",
        "imgUrl": "",
        "val1":"",
        "val2":"",
        "val3":"",
        "colCnt":1,
        "subitemList": [
          {
            "title": "",
            "description": "",
            "img": "",
            "imgUrl": "",
            "val1":"Improving Image Quality with Lens Corrections",
            "val2":"",
            "val3":"",
            "colCnt":-1,
            "subitemList": null
          },
          {
            "title": "",
            "description": "",
            "img": "",
            "imgUrl": "",
            "val1":"Digital Photo Restoration: Bring Old Photos Back to Life",
            "val2":"",
            "val3":"",
            "colCnt":-1,
            "subitemList": null
          },
          {
            "title": "",
            "description": "",
            "img": "",
            "imgUrl": "",
            "val1":"Converting a Color Photo Into Black & White",
            "val2":"",
            "val3":"",
            "colCnt":-1,
            "subitemList": null
          },
          {
            "title": "",
            "description": "",
            "img": "",
            "imgUrl": "",
            "val1":"How to Create Animated 3D Stereo Photos",
            "val2":"",
            "val3":"",
            "colCnt":-1,
            "subitemList": null
          }
        ]
      },
      {
        "title": "Concepts",
        "description": "",
        "img": "",
        "imgUrl": "",
        "val1":"",
        "val2":"",
        "val3":"",
        "colCnt":1,
        "subitemList": [
          {
            "title": "",
            "description": "",
            "img": "",
            "imgUrl": "",
            "val1":"A Background on Color Perception",
            "val2":"",
            "val3":"",
            "colCnt":-1,
            "subitemList": null
          },
          {
            "title": "",
            "description": "",
            "img": "",
            "imgUrl": "",
            "val1":"Understanding Bit Depth",
            "val2":"",
            "val3":"",
            "colCnt":-1,
            "subitemList": null
          },
          {
            "title": "",
            "description": "",
            "img": "",
            "imgUrl": "",
            "val1":"Understanding Digital Pixels: PPI, Dithering & Print Size",
            "val2":"",
            "val3":"",
            "colCnt":-1,
            "subitemList": null
          }

        ]
      },
      {
        "title": "From Camera to Display to Print",
        "description": "",
        "img": "",
        "imgUrl": "",
        "val1":"",
        "val2":"",
        "val3":"",
        "colCnt":1,
        "subitemList": [
          {
            "title": "",
            "description": "",
            "img": "",
            "imgUrl": "",
            "val1":"Color Management, Part 1: Concept & Overview",
            "val2":"",
            "val3":"",
            "colCnt":-1,
            "subitemList": null
          },
          {
            "title": "",
            "description": "",
            "img": "",
            "imgUrl": "",
            "val1":"Color Management, Part 2: Color Spaces",
            "val2":"",
            "val3":"",
            "colCnt":-1,
            "subitemList": null
          },
          {
            "title": "",
            "description": "",
            "img": "",
            "imgUrl": "",
            "val1":"Color Management, Part 3: Color Space Conversion",
            "val2":"",
            "val3":"",
            "colCnt":-1,
            "subitemList": null
          },
          {
            "title": "",
            "description": "",
            "img": "",
            "imgUrl": "",
            "val1":"Understanding Gamma Correction & Digital Tones",
            "val2":"",
            "val3":"",
            "colCnt":-1,
            "subitemList": null
          }


        ]
      },
      {
        "title": "In Practice",
        "description": "",
        "img": "",
        "imgUrl": "",
        "val1":"",
        "val2":"",
        "val3":"",
        "colCnt":1,
        "subitemList": [
          {
            "title": "",
            "description": "",
            "img": "",
            "imgUrl": "",
            "val1":"How to Calibrate Your Monitor for Photography",
            "val2":"",
            "val3":"",
            "colCnt":-1,
            "subitemList": null
          },
          {
            "title": "",
            "description": "",
            "img": "",
            "imgUrl": "",
            "val1":"Soft Proofing: Matching On-Screen Photos with Prints",
            "val2":"",
            "val3":"",
            "colCnt":-1,
            "subitemList": null
          },
          {
            "title": "",
            "description": "",
            "img": "",
            "imgUrl": "",
            "val1":"Working Space Comparison: sRGB vs. Adobe RGB 1998",
            "val2":"",
            "val3":"",
            "colCnt":-1,
            "subitemList": null
          }

        ]
      },
      {
        "title": "Timing & Location",
        "description": "",
        "img": "",
        "imgUrl": "",
        "val1":"",
        "val2":"",
        "val3":"",
        "colCnt":1,
        "subitemList": [
          {
            "title": "",
            "description": "",
            "img": "",
            "imgUrl": "",
            "val1":"Sunrise & Sunset Calculator for Photography",
            "val2":"",
            "val3":"",
            "colCnt":-1,
            "subitemList": null
          },
          {
            "title": "",
            "description": "",
            "img": "",
            "imgUrl": "",
            "val1":"Moon & Night Calculator for Photography",
            "val2":"",
            "val3":"",
            "colCnt":-1,
            "subitemList": null
          }


        ]
      },
      {
        "title": "Subject Size & Speed",
        "description": "",
        "img": "",
        "imgUrl": "",
        "val1":"",
        "val2":"",
        "val3":"",
        "colCnt":1,
        "subitemList": [
          {
            "title": "",
            "description": "",
            "img": "",
            "imgUrl": "",
            "val1":"Focal Length Calculator: Subject Size & Distance",
            "val2":"",
            "val3":"",
            "colCnt":-1,
            "subitemList": null
          },
          {
            "title": "",
            "description": "",
            "img": "",
            "imgUrl": "",
            "val1":"Shutter Speed Calculator: Subject Speed & Distance",
            "val2":"",
            "val3":"",
            "colCnt":-1,
            "subitemList": null
          }


        ]
      },
      {
        "title": "Photo Stitching & Panoramas",
        "description": "",
        "img": "",
        "imgUrl": "",
        "val1":"",
        "val2":"",
        "val3":"",
        "colCnt":1,
        "subitemList": [
          {
            "title": "",
            "description": "",
            "img": "",
            "imgUrl": "",
            "val1":"Photo Mosaic Calculator",
            "val2":"",
            "val3":"",
            "colCnt":-1,
            "subitemList": null
          },
          {
            "title": "",
            "description": "",
            "img": "",
            "imgUrl": "",
            "val1":"Field of View & 360° Panorama Requirements",
            "val2":"",
            "val3":"",
            "colCnt":-1,
            "subitemList": null
          },
          {
            "title": "",
            "description": "",
            "img": "",
            "imgUrl": "",
            "val1":"Tilt/Shift Lens Panorama Calculator",
            "val2":"",
            "val3":"",
            "colCnt":-1,
            "subitemList": null
          }

        ]
      }

    ]
  }
]}